Name,Ink,Primary,Secondary,Accent,Canvas,Surface,Action,On action
Familiar tide,#173C45,#159B9E,#97DCD0,#F4BC88,#F7F4ED,#FFFFFF,#107F81,#FFFFFF
Blue hour,#182D50,#4179BC,#A7D5E8,#F4C478,#F3F6FA,#FFFFFF,#3E74B4,#FFFFFF
Lilac morning,#352C51,#8771B5,#D2C6ED,#F2C878,#F8F5FB,#FFFFFF,#7D68A7,#FFFFFF
Apricot studio,#233A4A,#CE725F,#F0BEA2,#F4CF7C,#FCF6F0,#FFFFFF,#AF6151,#FFFFFF
Garden light,#193F35,#378A6C,#AED8B7,#EEC16B,#F4F7EF,#FFFFFF,#358468,#FFFFFF
Coastal clay,#28484E,#538F94,#BBD9D0,#DDA281,#F5F3EC,#FFFFFF,#4A7F83,#FFFFFF
Berry & butter,#422C42,#AD587E,#E6B5CB,#F2D78C,#FBF4F6,#FFFFFF,#AD587E,#FFFFFF
Electric dusk,#202C4B,#5269D6,#AABEF1,#FFB278,#F3F5FC,#FFFFFF,#5269D6,#FFFFFF
Olive & oat,#363D2B,#7B8950,#CBD3A6,#EDB592,#F7F5EA,#FFFFFF,#6C7A47,#FFFFFF
Periwinkle & rose,#343550,#737DC3,#BDC8EF,#EDAAAC,#F7F6FC,#FFFFFF,#666EAD,#FFFFFF
Terracotta & sky,#47372F,#BA7054,#A8CBD6,#E9BD70,#FBF5ED,#FFFFFF,#A5644B,#FFFFFF
Midnight citrus,#233632,#A1BC4F,#9FD7C2,#F0AA82,#F6F8EF,#FFFFFF,#6C7D35,#FFFFFF
